,,,FPKMs,,,,,,,,,,,,,
,,,"Group 1 (B11, 1 ug dox)",,,"Group 2 (B11, 10 ug dox)",,,,,,,,,,
,Selected by,,NRAS G12V/+,,,NRAS G12V/+,,,,,,,,Rankings,,
Gene Name,DELV?,SRMM?,S13,S14,S15,S16,S17,S18,Avg Grp 1,Avg Grp 2,Fold Chg,Abs Fold Chg,Abs Diff,Abs Fold Chg,Abs Diff,Weighted
MPEG1,,Yes,6.739,5.880,5.028,0.056,0.110,0.045,5.882,0.070,-83.945,83.945,5.812,1,142,15.1
IFI27,,Yes,2.755,7.605,14.609,0.364,0.218,0.765,8.323,0.449,-18.544,18.544,7.874,5,117,16.2
TRIM22,,Yes,17.501,20.096,15.880,2.729,0.302,0.509,17.825,1.180,-15.108,15.108,16.645,12,60,16.8
SIGLEC1,Yes,Yes,9.853,9.935,9.315,0.645,0.574,0.374,9.701,0.531,-18.271,18.271,9.170,8,102,17.4
OAS3,Yes,Yes,18.362,17.498,14.707,1.157,1.228,1.360,16.856,1.248,-13.506,13.506,15.608,15,63,19.8
OAS1,Yes,Yes,28.118,30.590,21.313,3.049,3.063,1.959,26.674,2.691,-9.914,9.914,23.983,18,41,20.3
PDE3B,Yes,Yes,8.809,8.366,8.422,0.632,0.474,0.524,8.532,0.543,-15.705,15.705,7.989,10,115,20.5
PLGRKT,Yes,Yes,18.595,13.843,17.879,1.342,1.177,1.932,16.772,1.484,-11.303,11.303,15.288,16,67,21.1
IFIT3,,Yes,11.164,11.989,10.592,0.572,2.036,0.424,11.248,1.011,-11.130,11.130,10.238,17,91,24.4
G0S2,Yes,Yes,57.192,51.793,54.224,6.421,8.272,6.667,54.403,7.120,-7.641,7.641,47.283,25,29,25.4
PRKCH,,Yes,0.110,0.155,0.237,3.772,3.366,2.857,0.167,3.332,19.903,19.903,3.164,4,220,25.6
SCIMP,,Yes,3.193,3.168,3.898,0.120,0.252,0.183,3.420,0.185,-18.477,18.477,3.234,6,216,27.0
NLRP12,Yes,Yes,4.684,4.936,4.511,0.397,0.319,0.213,4.710,0.310,-15.216,15.216,4.401,11,173,27.2
IFI44L,,Yes,1.616,3.947,1.462,0.084,0.089,0.074,2.342,0.082,-28.410,28.410,2.259,3,261,28.8
PLEKHO1,Yes,Yes,2.688,3.553,3.494,0.160,0.245,0.123,3.245,0.176,-18.437,18.437,3.069,7,228,29.1
CFP,,Yes,27.067,28.174,28.355,5.272,4.791,1.737,27.865,3.933,-7.084,7.084,23.932,29,42,30.3
IFI44,Yes,Yes,10.017,9.005,8.627,1.173,1.057,1.118,9.216,1.116,-8.257,8.257,8.100,22,113,31.1
CLEC10A,,Yes,1.804,1.409,2.126,0.050,0.078,0.010,1.779,0.046,-38.737,38.737,1.734,2,304,32.2
TBL1X,,Yes,5.189,1.701,1.232,0.156,0.143,0.183,2.707,0.161,-16.847,16.847,2.547,9,244,32.5
OAS2,Yes,Yes,34.606,34.240,27.749,6.528,3.850,4.659,32.199,5.013,-6.423,6.423,27.186,33,37,33.4
CD14,,Yes,5.425,4.828,5.830,0.674,0.810,0.401,5.361,0.628,-8.533,8.533,4.733,20,166,34.6
GLIPR1,,Yes,2.242,5.030,2.530,0.271,0.189,0.264,3.267,0.242,-13.523,13.523,3.026,14,229,35.5
IFI6,Yes,Yes,156.173,165.242,144.834,27.353,26.874,28.322,155.417,27.516,-5.648,5.648,127.901,42,10,38.8
EPSTI1,Yes,Yes,3.267,3.913,3.221,0.363,0.564,0.415,3.467,0.447,-7.753,7.753,3.020,23,230,43.7
EPN2,,Yes,1.094,0.589,0.567,5.865,7.347,2.378,0.750,5.197,6.931,6.931,4.447,30,169,43.9
ELAC1,Yes,Yes,7.142,6.477,5.311,0.824,1.008,1.045,6.310,0.959,-6.580,6.580,5.351,32,152,44.0
CYBB,Yes,Yes,4.779,3.561,3.585,0.590,0.386,0.591,3.975,0.522,-7.608,7.608,3.452,26,209,44.3
AXL,,Yes,1.756,3.591,1.386,0.265,0.235,0.246,2.244,0.249,-9.030,9.030,1.996,19,285,45.6
NEXN,,Yes,2.665,7.433,1.437,0.501,0.657,0.462,3.845,0.540,-7.120,7.120,3.305,28,214,46.6
IFIT1,Yes,Yes,3.891,4.078,2.862,0.374,0.447,0.629,3.610,0.484,-7.464,7.464,3.127,27,223,46.6
KLHDC7B,Yes,Yes,2.687,2.837,2.939,0.317,0.517,0.259,2.821,0.364,-7.742,7.742,2.456,24,252,46.8
CD53,,Yes,35.549,18.242,37.152,7.856,1.398,7.971,30.314,5.741,-5.280,5.280,24.573,48,39,47.1
SPP1,Yes,Yes,1.001,1.167,1.645,0.080,0.084,0.114,1.271,0.092,-13.764,13.764,1.179,13,354,47.1
SLC7A7,,Yes,3.442,8.727,8.828,0.942,1.859,0.689,6.999,1.163,-6.018,6.018,5.836,38,141,48.3
PARP12,,Yes,3.960,9.918,8.092,1.226,1.181,1.321,7.323,1.243,-5.893,5.893,6.081,39,138,48.9
ADGRG5,,Yes,3.369,7.617,3.651,0.922,0.595,0.891,4.879,0.803,-6.078,6.078,4.076,35,188,50.3
COL23A1,,Yes,0.563,0.635,8.777,17.267,17.059,18.182,3.325,17.503,5.264,5.264,14.178,49,73,51.4
GDAP1,,Yes,1.396,1.884,1.281,0.058,0.418,0.074,1.520,0.183,-8.292,8.292,1.337,21,327,51.6
CLEC12A,,Yes,3.133,2.520,1.623,0.265,0.617,0.183,2.426,0.355,-6.833,6.833,2.071,31,277,55.6
IFIT2,,Yes,6.537,6.356,5.380,0.744,1.977,0.545,6.091,1.088,-5.596,5.596,5.003,45,159,56.4
SIGLEC6,,Yes,2.795,3.363,4.541,0.534,0.856,0.379,3.566,0.590,-6.048,6.048,2.977,37,232,56.5
LY6G5C,,Yes,6.320,1.929,7.601,0.847,0.958,1.007,5.283,0.938,-5.634,5.634,4.346,44,178,57.4
GPR18,,Yes,6.736,5.461,5.401,0.648,1.701,0.873,5.866,1.074,-5.463,5.463,4.792,46,164,57.8
ALOX5,,Yes,1.775,3.316,3.496,0.684,0.516,0.300,2.862,0.500,-5.725,5.725,2.362,40,255,61.5
SLC37A2,Yes,Yes,7.391,7.022,7.314,1.422,1.885,1.068,7.242,1.458,-4.966,4.966,5.784,53,143,62.0
GIPC1,,Yes,2.588,2.727,2.424,7.165,15.187,14.711,2.580,12.354,4.789,4.789,9.775,60,95,63.5
IFITM1,Yes,Yes,56.246,67.136,61.715,11.827,14.218,14.999,61.699,13.681,-4.510,4.510,48.018,68,28,64.0
MYLPF,,Yes,1.447,1.978,1.137,0.140,0.010,0.590,1.521,0.247,-6.167,6.167,1.274,34,339,64.5
C1orf162,,Yes,25.221,25.989,28.988,4.914,3.369,9.351,26.732,5.878,-4.548,4.548,20.854,67,50,65.3
RSAD2,,Yes,3.311,3.492,2.698,0.776,0.222,0.742,3.167,0.580,-5.461,5.461,2.587,47,241,66.4
LPO,Yes,Yes,7.015,4.843,4.861,1.169,1.001,1.227,5.573,1.132,-4.921,4.921,4.441,55,170,66.5
AKR1C2,Yes,Yes,34.428,34.903,33.446,162.721,124.353,165.940,34.259,151.005,4.408,4.408,116.746,73,11,66.8
HERC6,Yes,Yes,1.680,1.587,1.052,0.328,0.177,0.206,1.440,0.237,-6.076,6.076,1.203,36,351,67.5
TLR4,,Yes,1.362,1.917,1.175,0.101,0.526,0.159,1.485,0.262,-5.665,5.665,1.223,41,347,71.6
IRF7,Yes,Yes,36.451,43.920,46.622,9.322,10.340,9.908,42.331,9.857,-4.295,4.295,32.474,77,35,72.8
SERPINB2,Yes,Yes,4.415,4.790,4.400,19.469,19.720,20.717,4.535,19.969,4.404,4.404,15.434,74,66,73.2
OGDH,Yes,Yes,6.181,6.119,6.434,20.318,29.234,31.405,6.245,26.986,4.321,4.321,20.741,76,51,73.5
SH3BP5,,Yes,4.354,3.984,4.021,2.112,0.245,0.191,4.120,0.849,-4.851,4.851,3.270,58,215,73.7
CD300LB,Yes,Yes,2.036,2.205,2.984,0.340,0.636,0.415,2.408,0.464,-5.192,5.192,1.944,50,291,74.1
ASGR2,Yes,Yes,3.060,5.651,3.995,0.936,0.570,1.124,4.235,0.876,-4.833,4.833,3.359,59,211,74.2
RIPK1,,Yes,6.709,6.505,6.145,1.323,0.488,2.392,6.453,1.401,-4.606,4.606,5.052,66,157,75.1
RHBDD1,Yes,Yes,4.186,2.346,2.776,0.465,0.777,0.653,3.103,0.632,-4.911,4.911,2.471,56,251,75.5
SYT17,Yes,Yes,1.994,2.458,2.255,0.536,0.453,0.343,2.236,0.444,-5.036,5.036,1.792,51,299,75.8
SMURF1,Yes,Yes,1.128,1.129,1.148,6.584,3.307,5.932,1.135,5.274,4.647,4.647,4.139,64,186,76.2
AKR1C4,,Yes,0.316,0.127,0.171,1.188,1.166,1.108,0.205,1.154,5.636,5.636,0.949,43,377,76.4
NSL1,,Yes,21.122,27.963,26.720,3.338,3.762,10.771,25.268,5.957,-4.242,4.242,19.312,80,54,77.4
C3AR1,Yes,Yes,2.606,2.401,2.282,0.475,0.599,0.397,2.430,0.490,-4.958,4.958,1.940,54,292,77.8
OASL,Yes,Yes,6.840,5.661,6.969,1.258,1.968,1.096,6.490,1.441,-4.505,4.505,5.049,69,158,77.9
AKR1C1,Yes,Yes,5.262,5.629,5.728,27.365,20.403,22.021,5.540,23.263,4.199,4.199,17.723,82,57,79.5
SRR,Yes,Yes,1.308,1.659,1.370,6.871,5.784,6.613,1.445,6.423,4.443,4.443,4.977,71,160,79.9
CACNB1,Yes,Yes,0.710,1.174,0.725,3.398,5.102,3.608,0.869,4.036,4.642,4.642,3.167,65,219,80.4
NUPR1,,Yes,2.102,2.372,3.662,0.382,0.990,0.334,2.712,0.569,-4.769,4.769,2.143,61,270,81.9
ARTN,,Yes,26.700,34.667,22.142,12.108,4.244,3.918,27.836,6.757,-4.120,4.120,21.079,86,49,82.3
FKBP11,Yes,Yes,4.404,4.584,5.577,1.091,1.283,0.865,4.855,1.080,-4.495,4.495,3.775,70,201,83.1
FBXO39,Yes,,1.281,0.783,1.289,0.145,0.254,0.276,1.118,0.225,-4.966,4.966,0.893,52,379,84.7
CD101,,Yes,1.118,1.085,2.656,0.455,0.240,0.303,1.620,0.333,-4.870,4.870,1.287,57,337,85.0
PILRA,,Yes,4.762,5.418,5.357,2.959,0.308,0.282,5.179,1.183,-4.376,4.376,3.995,75,195,87.0
B3GNT10,,Yes,2.347,1.719,1.118,0.674,0.235,0.182,1.728,0.364,-4.748,4.748,1.364,62,322,88.0
CMPK2,,Yes,6.491,7.759,6.048,2.480,0.412,1.911,6.766,1.601,-4.227,4.227,5.165,81,155,88.4
SH2D3C,,Yes,8.760,9.284,9.542,1.370,3.856,1.443,9.195,2.223,-4.137,4.137,6.972,85,130,89.5
PRG2,Yes,Yes,2.808,2.452,2.683,10.950,12.021,9.559,2.648,10.844,4.096,4.096,8.196,88,112,90.4
LRTOMT,,Yes,1.916,4.029,2.723,0.720,0.616,0.616,2.889,0.651,-4.440,4.440,2.238,72,263,91.1
PTGDS,,Yes,5.315,3.965,3.345,0.840,0.643,1.460,4.209,0.981,-4.289,4.289,3.227,78,218,92.0
CCL2,Yes,Yes,1.152,1.343,1.531,0.310,0.341,0.199,1.342,0.283,-4.736,4.736,1.059,63,366,93.3
NFE2,,Yes,10.701,11.243,9.841,3.578,3.428,0.971,10.595,2.659,-3.985,3.985,7.936,95,116,97.1
PPP1R27,Yes,Yes,373.949,392.389,390.778,1450.626,1423.040,1508.141,385.705,1460.602,3.787,3.787,1074.897,108,2,97.4
EPC1,Yes,Yes,7.098,5.881,5.545,1.656,1.565,1.342,6.175,1.521,-4.059,4.059,4.653,90,168,97.8
ISG15,Yes,Yes,101.771,114.826,94.219,26.800,29.954,24.717,103.605,27.157,-3.815,3.815,76.448,107,16,97.9
RPL7,Yes,Yes,215.132,211.865,214.855,790.142,800.450,833.821,213.951,808.138,3.777,3.777,594.187,109,3,98.4
SLC6A9,,Yes,9.373,11.550,12.839,3.613,4.065,0.868,11.254,2.849,-3.950,3.950,8.405,99,108,99.9
ICAM1,,Yes,1.869,2.513,2.661,0.703,0.596,0.344,2.348,0.548,-4.286,4.286,1.800,79,298,100.9
SH2B3,,Yes,19.548,20.767,20.073,3.809,4.322,7.652,20.129,5.261,-3.826,3.826,14.868,106,69,102.3
CASP4,Yes,Yes,51.867,49.943,48.652,18.350,11.362,10.870,50.154,13.527,-3.708,3.708,36.627,112,33,104.1
SAMD9L,Yes,Yes,11.343,8.299,11.936,2.516,2.608,3.089,10.526,2.738,-3.845,3.845,7.788,104,119,105.5
TXNIP,Yes,Yes,274.351,277.346,275.882,80.840,80.538,66.163,275.860,75.847,-3.637,3.637,200.013,117,7,106.0
SPNS3,Yes,Yes,20.992,20.184,19.336,6.092,3.548,6.508,20.171,5.383,-3.747,3.747,14.788,110,70,106.0
FGD2,Yes,Yes,13.249,17.713,20.378,5.362,3.321,5.199,17.113,4.627,-3.698,3.698,12.486,113,83,110.0
MOCOS,Yes,Yes,0.431,0.488,0.459,1.328,2.059,2.287,0.459,1.891,4.118,4.118,1.432,87,317,110.0
ARRDC4,Yes,Yes,5.842,5.338,5.003,1.287,1.698,1.153,5.394,1.380,-3.910,3.910,4.015,102,193,111.1
POC1B,Yes,Yes,0.888,0.559,0.621,2.672,2.176,3.464,0.689,2.771,4.021,4.021,2.081,93,275,111.2
SGCG,,Yes,1.559,1.104,1.419,0.155,0.409,0.414,1.361,0.326,-4.175,4.175,1.035,83,367,111.4
SIRPD,,Yes,1.458,1.315,1.261,0.204,0.413,0.353,1.345,0.323,-4.158,4.158,1.021,84,368,112.4
GNAI1,,Yes,0.628,0.635,0.522,2.624,1.440,3.127,0.595,2.397,4.029,4.029,1.802,92,297,112.5
CYP4V2,Yes,Yes,4.358,3.334,2.416,0.848,0.854,0.842,3.369,0.848,-3.973,3.973,2.521,98,247,112.9
VIT,,Yes,1.975,1.512,2.510,0.798,0.576,0.107,1.999,0.494,-4.048,4.048,1.505,91,312,113.1
CX3CR1,Yes,Yes,8.697,8.580,8.263,2.390,2.559,1.873,8.513,2.274,-3.744,3.744,6.239,111,137,113.6
IFI16,,Yes,12.664,8.782,9.520,2.780,1.121,4.611,10.322,2.837,-3.638,3.638,7.485,116,122,116.6
FBXO36,Yes,,0.205,0.334,0.331,1.165,0.953,1.425,0.290,1.181,4.072,4.072,0.891,89,380,118.1
S1PR3,,Yes,0.468,0.456,0.470,1.974,1.119,2.448,0.465,1.847,3.976,3.976,1.383,97,319,119.2
SPIB,Yes,Yes,2.573,1.295,1.324,0.345,0.527,0.432,1.731,0.434,-3.983,3.983,1.296,96,335,119.9
AMH,,Yes,1.459,1.529,1.647,0.388,0.596,0.179,1.545,0.387,-3.990,3.990,1.158,94,359,120.5
CSF1R,Yes,Yes,36.199,34.054,33.158,11.969,10.302,8.521,34.470,10.264,-3.358,3.358,24.206,130,40,121.0
SLC2A6,Yes,Yes,7.349,8.466,8.229,2.359,2.152,2.302,8.015,2.271,-3.530,3.530,5.744,119,144,121.5
IRF9,Yes,Yes,35.776,35.854,35.429,9.103,14.383,8.778,35.687,10.754,-3.318,3.318,24.932,132,38,122.6
PRKAR1B,,Yes,0.499,0.526,0.321,1.744,1.133,2.419,0.449,1.765,3.932,3.932,1.316,100,333,123.3
PRR22,,Yes,1.932,1.873,2.511,0.854,0.512,0.279,2.105,0.548,-3.840,3.840,1.557,105,309,125.4
ZNF98,,Yes,2.371,2.806,0.036,5.843,5.338,6.997,1.738,6.059,3.486,3.486,4.321,120,180,126.0
UNC5A,Yes,Yes,0.418,0.555,0.351,1.479,1.660,1.969,0.441,1.703,3.857,3.857,1.261,103,340,126.7
MCM8,Yes,Yes,1.290,1.059,1.247,4.310,3.711,4.853,1.199,4.291,3.579,3.579,3.092,118,227,128.9
LILRB2,Yes,,0.949,1.144,1.410,0.265,0.305,0.323,1.167,0.298,-3.920,3.920,0.870,101,384,129.3
CSF2RA,Yes,Yes,22.319,23.388,15.861,8.399,5.656,4.733,20.522,6.263,-3.277,3.277,14.260,136,72,129.6
SLC43A2,Yes,Yes,2.773,3.137,2.916,0.882,0.946,0.597,2.942,0.808,-3.640,3.640,2.134,115,271,130.6
MYD88,Yes,Yes,19.427,20.116,18.697,5.831,6.405,5.664,19.414,5.967,-3.254,3.254,13.447,138,79,132.1
IPCEF1,,Yes,7.777,3.354,4.308,1.447,1.823,1.203,5.146,1.491,-3.451,3.451,3.655,125,203,132.8
HIVEP3,,Yes,2.470,1.767,2.948,1.147,0.666,0.141,2.395,0.651,-3.678,3.678,1.744,114,303,132.9
GAPT,,Yes,12.117,7.790,8.488,3.860,3.325,1.412,9.465,2.866,-3.303,3.303,6.599,133,133,133.0
AKR1C3,Yes,Yes,39.950,47.257,47.056,140.742,135.208,149.343,44.755,141.764,3.168,3.168,97.010,148,12,134.4
SH3PXD2B,,Yes,0.980,0.730,0.942,2.759,4.738,1.717,0.884,3.072,3.475,3.475,2.188,122,266,136.4
MS4A4E,Yes,Yes,5.798,10.865,6.485,2.237,2.208,2.633,7.716,2.359,-3.270,3.270,5.357,137,151,138.4
SLC2A8,,Yes,3.750,5.471,5.584,1.279,0.941,2.194,4.935,1.471,-3.354,3.354,3.463,131,208,138.7
CHAC1,Yes,Yes,46.302,51.893,49.588,16.430,16.476,14.189,49.261,15.699,-3.138,3.138,33.562,151,34,139.3
CRTC1,Yes,Yes,2.447,2.668,3.446,0.751,0.934,0.783,2.853,0.823,-3.468,3.468,2.031,124,282,139.8
ATF3,,Yes,5.031,7.099,4.977,0.366,2.206,2.627,5.702,1.733,-3.290,3.290,3.969,134,197,140.3
C3orf18,Yes,Yes,0.642,1.132,0.793,2.647,3.731,2.455,0.856,2.944,3.440,3.440,2.088,126,273,140.7
PPP1R32,,Yes,1.323,1.765,1.645,5.372,7.149,3.041,1.577,5.187,3.288,3.288,3.610,135,205,142.0
IL1RN,Yes,Yes,9.163,10.742,10.962,3.774,2.605,3.313,10.289,3.231,-3.185,3.185,7.058,144,127,142.3
REC8,Yes,Yes,9.721,10.159,13.930,4.193,4.193,2.246,11.270,3.544,-3.180,3.180,7.726,145,120,142.5
DDX60,,Yes,3.886,1.440,1.310,0.615,0.731,0.599,2.212,0.648,-3.411,3.411,1.563,127,308,145.1
CCDC121,Yes,Yes,2.288,1.546,1.301,0.390,0.498,0.592,1.712,0.494,-3.468,3.468,1.218,123,349,145.6
RAB3IP,Yes,Yes,0.397,0.292,0.334,1.004,1.481,1.079,0.341,1.188,3.480,3.480,0.847,121,386,147.5
MYRF,Yes,Yes,0.470,0.524,0.843,2.451,1.398,2.349,0.612,2.066,3.374,3.374,1.454,129,316,147.7
CD300A,,Yes,24.010,19.895,25.927,10.801,11.569,0.760,23.277,7.710,-3.019,3.019,15.567,159,64,149.5
CCR2,Yes,Yes,23.592,20.764,18.817,6.692,7.200,7.027,21.058,6.973,-3.020,3.020,14.085,158,74,149.6
INHBE,Yes,Yes,5.150,5.479,4.453,1.007,1.994,1.728,5.027,1.576,-3.189,3.189,3.451,143,210,149.7
DHRS3,Yes,Yes,1.272,1.692,2.235,0.651,0.478,0.412,1.733,0.514,-3.375,3.375,1.219,128,348,150.0
PHTF2,,Yes,1.297,3.216,1.099,6.406,5.102,6.334,1.871,5.947,3.179,3.179,4.076,146,189,150.3
CD1D,Yes,Yes,4.182,3.872,5.480,1.034,1.940,1.230,4.511,1.401,-3.219,3.219,3.110,142,225,150.3
ADSS1,,Yes,3.514,1.322,2.510,8.368,7.228,7.460,2.449,7.685,3.138,3.138,5.237,150,154,150.4
IFT46,,Yes,2.006,4.145,3.715,1.154,0.747,1.132,3.289,1.011,-3.252,3.252,2.277,139,259,151.0
TNF,,Yes,18.707,17.789,19.383,7.534,7.586,3.646,18.626,6.255,-2.978,2.978,12.371,163,84,155.1
TREML2,,Yes,1.819,2.063,1.768,0.586,0.785,0.383,1.883,0.585,-3.221,3.221,1.299,141,334,160.3
STC2,Yes,Yes,6.999,6.187,6.544,2.177,1.973,2.429,6.576,2.193,-2.999,2.999,4.383,161,175,162.4
AJUBA,,Yes,7.009,5.774,5.829,2.201,1.303,2.664,6.204,2.056,-3.018,3.018,4.148,160,185,162.5
OLFML3,Yes,Yes,1.653,1.197,1.343,0.565,0.360,0.374,1.398,0.433,-3.228,3.228,0.965,140,374,163.4
MSMO1,Yes,Yes,5.093,4.901,5.026,14.839,16.209,13.032,5.006,14.693,2.935,2.935,9.687,171,96,163.5
C16orf86,Yes,Yes,4.366,6.091,5.730,14.661,19.438,13.320,5.396,15.806,2.930,2.930,10.411,172,90,163.8
ALOX5AP,Yes,Yes,29.480,31.797,37.974,12.389,11.349,10.987,33.084,11.575,-2.858,2.858,21.508,177,48,164.1
SLC20A2,,Yes,12.055,11.971,11.525,2.173,2.491,7.434,11.850,4.033,-2.939,2.939,7.817,170,118,164.8
RAPGEFL1,,Yes,1.519,1.277,3.087,0.680,0.625,0.549,1.961,0.618,-3.173,3.173,1.343,147,326,164.9
H4C14,Yes,Yes,6.284,7.350,6.112,3.076,1.818,1.763,6.582,2.219,-2.966,2.966,4.363,164,176,165.2
AC136475.9,Yes,Yes,96.023,108.384,81.741,33.534,33.669,34.841,95.383,34.015,-2.804,2.804,61.368,182,20,165.8
TESC,,Yes,0.721,1.553,0.697,2.542,3.078,3.532,0.990,3.051,3.080,3.080,2.060,154,278,166.4
LPCAT4,Yes,Yes,10.275,12.002,12.121,32.183,32.603,31.648,11.466,32.145,2.803,2.803,20.678,183,53,170.0
TMEM229B,Yes,,0.910,1.809,1.475,0.541,0.324,0.465,1.398,0.443,-3.154,3.154,0.955,149,376,171.7
GCNA,Yes,Yes,2.967,1.979,1.674,0.884,0.623,0.663,2.207,0.723,-3.051,3.051,1.483,156,314,171.8
SAMHD1,Yes,Yes,117.437,116.208,114.171,39.849,44.424,40.298,115.939,41.524,-2.792,2.792,74.415,189,18,171.9
SYNM,Yes,Yes,1.908,1.868,1.672,0.602,0.545,0.618,1.816,0.588,-3.089,3.089,1.228,153,345,172.2
TP53I3,Yes,Yes,8.934,8.701,8.476,2.809,3.064,3.150,8.704,3.008,-2.894,2.894,5.696,176,145,172.9
CD180,Yes,Yes,1.892,1.253,1.376,0.373,0.442,0.648,1.507,0.488,-3.089,3.089,1.019,152,369,173.7
PRAM1,Yes,Yes,2.589,3.999,3.838,0.937,1.533,1.060,3.475,1.177,-2.953,2.953,2.298,165,258,174.3
KMT2A,,Yes,2.690,1.289,2.290,4.563,7.886,5.900,2.090,6.116,2.927,2.927,4.027,173,192,174.9
STYX,,Yes,2.282,0.803,0.892,3.840,3.733,4.130,1.326,3.901,2.943,2.943,2.575,168,243,175.5
C1orf127,,Yes,2.540,2.139,3.046,0.859,1.202,0.517,2.575,0.859,-2.996,2.996,1.715,162,305,176.3
ANOS1,Yes,Yes,0.390,0.515,0.451,1.149,1.650,1.340,0.452,1.380,3.053,3.053,0.928,155,378,177.3
GDF15,Yes,Yes,9.681,6.305,9.303,3.443,2.423,3.131,8.430,2.999,-2.811,2.811,5.430,181,149,177.8
SIGLEC5,Yes,Yes,1.496,1.815,1.486,0.554,0.519,0.512,1.599,0.528,-3.027,3.027,1.071,157,365,177.8
NEIL1,Yes,Yes,9.166,11.921,17.569,4.605,5.569,3.648,12.885,4.607,-2.797,2.797,8.278,187,110,179.3
LST1,Yes,Yes,374.029,388.570,399.024,152.842,160.190,114.382,387.208,142.471,-2.718,2.718,244.737,201,5,181.4
NCOA5,Yes,Yes,18.393,20.096,18.719,5.847,8.285,6.503,19.069,6.878,-2.772,2.772,12.191,192,87,181.5
JUN,Yes,Yes,3.226,4.009,3.452,1.305,1.407,0.951,3.563,1.221,-2.918,2.918,2.342,174,256,182.2
LIMD2,Yes,Yes,25.351,18.549,19.879,7.926,7.998,7.255,21.260,7.726,-2.752,2.752,13.533,197,76,184.9
LRRC4B,Yes,Yes,0.611,0.544,0.651,1.685,2.161,1.487,0.602,1.778,2.951,2.951,1.175,166,355,184.9
RNF212,Yes,Yes,3.868,3.004,4.851,1.131,1.107,1.891,3.907,1.376,-2.839,2.839,2.531,179,246,185.7
ELOF1,Yes,Yes,22.796,27.992,17.673,7.804,8.589,8.540,22.820,8.311,-2.746,2.746,14.510,199,71,186.2
SLC29A4,Yes,Yes,0.576,0.668,0.587,1.316,2.487,1.579,0.610,1.794,2.940,2.940,1.184,169,352,187.3
SDC2,,Yes,6.889,5.764,6.400,3.281,0.291,3.244,6.351,2.272,-2.795,2.795,4.079,188,187,187.9
RCBTB2,Yes,Yes,3.305,2.861,3.292,1.032,1.196,1.103,3.152,1.110,-2.839,2.839,2.042,178,281,188.3
ZNF398,Yes,Yes,3.558,2.684,3.761,1.237,1.106,1.192,3.334,1.178,-2.830,2.830,2.156,180,268,188.8
H2BC11,,Yes,1.233,1.414,1.024,0.517,0.067,0.661,1.224,0.415,-2.949,2.949,0.809,167,389,189.2
MAST1,,Yes,1.071,0.547,0.521,2.394,1.711,2.112,0.713,2.072,2.907,2.907,1.359,175,323,189.8
KDELR3,Yes,Yes,2.557,1.406,2.592,5.577,5.886,6.744,2.185,6.069,2.778,2.778,3.884,191,199,191.8
TRIB3,Yes,Yes,246.198,235.334,252.570,87.240,88.432,99.608,244.701,91.760,-2.667,2.667,152.941,214,8,193.4
LPXN,Yes,Yes,3.614,2.800,2.052,1.124,1.085,0.812,2.822,1.007,-2.803,2.803,1.815,184,296,195.2
HELZ2,Yes,Yes,11.697,12.604,9.928,4.295,5.066,3.244,11.410,4.202,-2.715,2.715,7.208,204,125,196.1
C6orf52,,Yes,4.344,2.615,2.155,0.976,1.385,0.896,3.038,1.086,-2.798,2.798,1.952,186,290,196.4
SERPINB10,Yes,Yes,29.809,25.383,20.154,58.273,67.554,74.826,25.115,66.884,2.663,2.663,41.769,215,32,196.7
ZNF594,Yes,Yes,3.083,1.938,2.118,0.884,0.911,0.752,2.379,0.849,-2.803,2.803,1.530,185,310,197.5
MKNK1,,Yes,21.661,18.458,21.312,10.629,7.187,5.172,20.477,7.663,-2.672,2.672,12.815,213,81,199.8
SLC27A3,Yes,Yes,9.027,8.602,9.479,2.811,3.391,3.863,9.036,3.355,-2.693,2.693,5.681,207,146,200.9
H4C15,Yes,Yes,4.273,5.097,4.270,1.963,1.664,1.330,4.547,1.653,-2.751,2.751,2.894,198,234,201.6
GPNMB,,Yes,6.091,6.528,6.675,2.561,3.515,1.029,6.431,2.368,-2.716,2.716,4.063,203,190,201.7
CRYZ,,Yes,2.589,0.973,2.627,4.940,5.215,6.662,2.063,5.606,2.717,2.717,3.543,202,207,202.5
C1orf53,,Yes,2.703,3.102,3.861,1.539,1.292,0.672,3.222,1.168,-2.759,2.759,2.054,194,279,202.5
SASH1,,Yes,11.780,10.094,9.854,5.390,0.760,5.714,10.576,3.955,-2.674,2.674,6.621,212,132,204.0
ALDH8A1,,Yes,2.793,1.992,2.234,1.144,0.885,0.508,2.340,0.846,-2.766,2.766,1.494,193,313,205.0
SESN2,Yes,Yes,30.177,31.666,30.951,11.440,11.767,12.146,30.931,11.784,-2.625,2.625,19.147,222,55,205.3
ZNF343,Yes,Yes,1.501,2.303,1.665,0.621,0.651,0.690,1.823,0.654,-2.787,2.787,1.169,190,357,206.7
PDP2,,Yes,1.827,0.851,1.025,3.474,3.071,3.616,1.234,3.387,2.744,2.744,2.153,200,269,206.9
MTMR1,Yes,Yes,2.006,2.085,1.864,5.003,5.438,5.559,1.985,5.333,2.687,2.687,3.348,208,212,208.4
TRIM66,Yes,Yes,1.075,1.677,1.361,0.641,0.415,0.434,1.371,0.497,-2.758,2.758,0.874,195,382,213.7
ETV4,,Yes,3.043,1.465,3.387,6.926,6.893,7.121,2.631,6.980,2.653,2.653,4.349,218,177,213.9
IL4I1,Yes,Yes,9.805,6.877,9.110,3.387,3.453,2.990,8.597,3.276,-2.624,2.624,5.321,223,153,216.0
TMEM80,,Yes,24.126,22.499,26.849,10.605,13.549,4.463,24.491,9.539,-2.567,2.567,14.952,234,68,217.4
NBPF6,Yes,,1.191,0.920,1.045,0.380,0.492,0.272,1.052,0.381,-2.758,2.758,0.671,196,411,217.5
CIRBP,Yes,Yes,98.484,95.311,96.509,27.205,51.592,36.325,96.768,38.374,-2.522,2.522,58.394,241,23,219.2
LRRC25,Yes,,2.586,2.465,1.446,0.684,1.008,0.732,2.166,0.808,-2.681,2.681,1.358,210,324,221.4
TMOD4,,Yes,1.251,1.543,1.897,0.510,0.400,0.820,1.564,0.576,-2.713,2.713,0.987,205,370,221.5
SLC29A3,,Yes,1.433,1.481,3.214,0.941,0.581,0.761,2.043,0.761,-2.685,2.685,1.282,209,338,221.9
NMRK1,Yes,,2.769,1.850,3.450,4.635,8.386,8.084,2.690,7.035,2.616,2.616,4.345,227,179,222.2
GNG4,Yes,Yes,3.341,2.998,2.923,8.380,7.366,8.227,3.087,7.991,2.588,2.588,4.904,230,162,223.2
PCDH12,Yes,Yes,3.377,3.248,2.830,1.242,1.055,1.256,3.152,1.184,-2.661,2.661,1.967,216,288,223.2
KLHL24,Yes,,0.864,1.448,1.175,2.022,3.987,3.264,1.162,3.091,2.659,2.659,1.929,217,293,224.6
HSD11B1,Yes,,1.114,1.491,0.938,0.447,0.341,0.522,1.181,0.437,-2.704,2.704,0.744,206,400,225.4
ZNF839,Yes,Yes,6.128,5.398,7.604,2.292,3.001,2.074,6.377,2.456,-2.597,2.597,3.921,229,198,225.9
LRRC24,,Yes,6.673,8.659,8.449,4.386,1.145,3.717,7.927,3.083,-2.571,2.571,4.844,233,163,226.0
DLL1,Yes,Yes,9.202,9.225,9.612,24.554,24.559,21.090,9.347,23.401,2.504,2.504,14.055,243,75,226.2
LIMK1,,Yes,14.832,13.526,5.849,29.269,28.001,27.946,11.402,28.405,2.491,2.491,17.003,245,59,226.4
TTBK2,Yes,,2.846,4.751,5.240,1.966,1.440,1.495,4.279,1.634,-2.619,2.619,2.645,225,240,226.5
TP53,Yes,,8.153,4.332,5.418,2.189,3.112,1.626,5.968,2.309,-2.584,2.584,3.659,231,202,228.1
CCDC194,Yes,Yes,1.258,1.302,1.323,0.590,0.336,0.525,1.294,0.483,-2.677,2.677,0.811,211,388,228.7
PTCRA,Yes,,5.841,3.281,4.390,2.337,1.242,1.598,4.504,1.726,-2.610,2.610,2.778,228,237,228.9
ZNF225,Yes,Yes,2.283,1.847,1.530,0.642,0.738,0.755,1.887,0.712,-2.651,2.651,1.175,219,356,232.7
RGS16,Yes,Yes,4.882,4.300,4.092,1.402,2.464,1.286,4.425,1.717,-2.576,2.576,2.707,232,239,232.7
DEPP1,Yes,Yes,2.316,1.801,1.924,0.621,0.888,0.788,2.014,0.765,-2.631,2.631,1.248,221,342,233.1
AC018755.2,Yes,Yes,2.008,2.605,2.050,0.901,0.805,0.840,2.221,0.849,-2.618,2.618,1.373,226,321,235.5
MAP7D1,,Yes,12.164,10.110,3.550,20.513,22.662,20.161,8.608,21.112,2.453,2.453,12.504,253,82,235.9
ZNF385A,Yes,Yes,34.801,39.849,35.319,15.176,16.689,13.394,36.656,15.086,-2.430,2.430,21.570,257,47,236.0
HOXB6,Yes,Yes,1.258,1.300,1.248,0.448,0.496,0.496,1.269,0.480,-2.644,2.644,0.789,220,393,237.3
PLCG1,Yes,Yes,5.267,3.687,4.314,13.427,10.783,8.481,4.423,10.897,2.464,2.464,6.474,250,136,238.6
RNF130,Yes,Yes,37.789,37.594,38.578,16.346,14.900,15.909,37.987,15.718,-2.417,2.417,22.269,262,45,240.3
ASCL2,Yes,,1.177,0.945,1.355,0.331,0.432,0.565,1.159,0.442,-2.621,2.621,0.717,224,405,242.1
TFRC,Yes,Yes,23.651,19.712,19.685,12.309,7.272,6.534,21.016,8.705,-2.414,2.414,12.311,263,86,245.3
AIF1,Yes,Yes,128.365,124.116,124.211,51.254,54.494,51.803,125.564,52.517,-2.391,2.391,73.047,272,19,246.7
SNX30,Yes,,1.237,2.437,2.397,0.889,0.731,0.759,2.024,0.793,-2.552,2.552,1.231,236,344,246.8
FAM161B,Yes,Yes,2.262,1.481,1.777,0.566,0.721,0.863,1.840,0.717,-2.567,2.567,1.123,235,360,247.5
VEGFA,Yes,Yes,82.118,77.475,89.061,33.632,37.603,33.040,82.885,34.759,-2.385,2.385,48.126,273,27,248.4
PIR,Yes,Yes,6.430,6.382,6.941,13.521,15.374,18.728,6.584,15.874,2.411,2.411,9.290,266,100,249.4
H2BC12,Yes,Yes,19.380,15.363,16.875,6.183,8.109,7.139,17.206,7.144,-2.409,2.409,10.062,267,92,249.5
TCHH,Yes,Yes,3.132,3.439,3.326,1.545,1.322,1.129,3.299,1.332,-2.477,2.477,1.967,246,289,250.3
NPFF,Yes,,3.115,1.711,2.046,0.798,1.295,0.661,2.291,0.918,-2.495,2.495,1.373,244,320,251.6
AC104532.1,Yes,Yes,4.561,4.706,5.995,2.404,2.297,1.555,5.087,2.085,-2.440,2.440,3.002,254,231,251.7
B3GLCT,Yes,Yes,2.023,1.525,2.208,0.958,0.502,0.819,1.919,0.760,-2.526,2.526,1.159,240,358,251.8
TYMP,Yes,Yes,41.189,54.641,57.063,21.515,21.829,20.953,50.964,21.432,-2.378,2.378,29.532,276,36,252.0
USP18,Yes,Yes,6.953,7.987,7.487,2.398,3.330,3.544,7.476,3.091,-2.419,2.419,4.385,261,174,252.3
SIX2,Yes,Yes,1.377,1.642,1.064,3.213,3.486,3.390,1.361,3.363,2.471,2.471,2.002,249,284,252.5
ITGAM,Yes,Yes,17.039,16.712,16.941,6.411,7.924,6.842,16.897,7.059,-2.394,2.394,9.838,271,94,253.3
NLRC4,Yes,Yes,1.174,1.158,1.325,0.391,0.498,0.546,1.219,0.478,-2.549,2.549,0.741,237,401,253.4
NBPF4,Yes,Yes,1.381,1.073,1.309,0.445,0.667,0.368,1.254,0.493,-2.543,2.543,0.761,238,396,253.8
DDIT4,Yes,Yes,137.255,133.693,136.365,55.977,71.912,44.446,135.771,57.445,-2.363,2.363,78.326,281,15,254.4
TEX19,Yes,Yes,0.379,0.390,0.648,1.209,1.269,1.123,0.472,1.200,2.542,2.542,0.728,239,402,255.3
ANKRD55,Yes,Yes,2.805,1.447,2.374,6.259,5.005,4.777,2.209,5.347,2.421,2.421,3.138,260,222,256.2
SERPING1,Yes,Yes,1.042,1.121,1.852,0.394,0.641,0.563,1.338,0.533,-2.512,2.512,0.805,242,390,256.8
ZFP1,,Yes,0.528,1.261,0.619,1.974,1.967,2.011,0.803,1.984,2.472,2.472,1.181,248,353,258.5
NMUR1,Yes,Yes,0.954,1.100,1.206,2.551,3.062,2.337,1.086,2.650,2.439,2.439,1.564,255,307,260.2
TMEM158,Yes,Yes,0.737,0.791,1.016,1.992,1.661,2.597,0.848,2.083,2.456,2.456,1.235,252,343,261.1
TMEM262,Yes,,1.432,0.905,0.809,0.512,0.422,0.338,1.049,0.424,-2.473,2.473,0.624,247,414,263.7
AOAH,Yes,Yes,4.172,2.735,5.316,1.771,1.530,1.767,4.074,1.689,-2.412,2.412,2.386,265,253,263.8
H2BC5,Yes,,2.566,2.677,1.821,0.823,1.318,0.768,2.355,0.970,-2.428,2.428,1.385,258,318,264.0
ZC3H12D,Yes,Yes,2.783,3.699,4.325,1.533,1.468,1.475,3.602,1.492,-2.414,2.414,2.110,264,272,264.8
EGR1,Yes,Yes,18.109,16.892,17.120,43.666,38.208,40.184,17.374,40.686,2.342,2.342,23.312,290,43,265.3
FAM13B,,Yes,13.519,10.192,10.133,6.332,5.300,2.684,11.281,4.772,-2.364,2.364,6.509,280,135,265.5
TERT,Yes,Yes,6.987,6.950,8.006,16.612,17.131,17.975,7.314,17.239,2.357,2.357,9.925,285,93,265.8
KCNQ4,Yes,Yes,5.693,3.863,6.091,12.391,11.544,13.028,5.215,12.321,2.362,2.362,7.106,282,126,266.4
METTL7A,,Yes,1.797,1.871,1.863,1.066,0.752,0.454,1.844,0.757,-2.434,2.434,1.086,256,363,266.7
ARL4C,Yes,,1.142,1.114,0.841,0.368,0.580,0.313,1.032,0.420,-2.458,2.458,0.612,251,415,267.4
MAMDC4,,Yes,11.576,11.124,24.136,6.393,6.832,6.672,15.612,6.632,-2.354,2.354,8.980,286,104,267.8
POU4F2,Yes,Yes,3.424,2.500,2.921,7.161,6.701,7.166,2.948,7.010,2.378,2.378,4.062,277,191,268.4
ITGAL,Yes,Yes,43.044,35.962,30.410,19.047,17.199,10.966,36.472,15.737,-2.318,2.318,20.735,293,52,268.9
RDH5,Yes,Yes,3.334,3.221,4.586,2.003,1.302,1.343,3.714,1.549,-2.397,2.397,2.164,270,267,269.7
TCTA,Yes,Yes,24.027,24.220,23.285,11.272,11.172,8.582,23.844,10.342,-2.306,2.306,13.502,294,77,272.3
DLK2,,Yes,1.247,1.313,1.287,0.783,0.364,0.438,1.282,0.528,-2.427,2.427,0.754,259,399,273.0
RHOBTB1,Yes,Yes,1.073,1.151,1.288,2.873,2.572,2.909,1.170,2.785,2.379,2.379,1.614,275,306,278.1
KLF10,Yes,Yes,14.780,16.162,15.331,7.566,6.628,5.907,15.424,6.700,-2.302,2.302,8.724,298,106,278.8
DNASE2,Yes,Yes,27.893,27.702,27.365,11.483,12.246,12.569,27.653,12.099,-2.285,2.285,15.554,303,65,279.2
GNMT,Yes,Yes,2.010,2.287,2.519,0.927,0.804,1.127,2.272,0.953,-2.384,2.384,1.319,274,331,279.7
SULT4A1,Yes,Yes,1.622,1.394,1.070,0.556,0.654,0.487,1.362,0.566,-2.408,2.408,0.796,268,392,280.4
LRRC27,Yes,,1.068,1.558,1.678,0.751,0.665,0.376,1.435,0.597,-2.402,2.402,0.837,269,387,280.8
OSCAR,Yes,Yes,9.358,10.224,11.793,4.778,4.924,3.939,10.458,4.547,-2.300,2.300,5.912,299,140,283.1
AL807752.7,Yes,,3.644,3.098,2.371,1.081,1.717,1.060,3.038,1.286,-2.362,2.362,1.751,283,300,284.7
TMEM268,Yes,Yes,6.451,6.194,6.621,2.601,2.682,3.081,6.422,2.788,-2.303,2.303,3.634,295,204,285.9
FAM43A,Yes,Yes,12.518,15.084,15.242,6.707,6.321,5.780,14.281,6.270,-2.278,2.278,8.012,306,114,286.8
ZCCHC7,Yes,Yes,9.846,10.047,8.836,5.277,3.367,3.901,9.576,4.181,-2.290,2.290,5.395,302,150,286.8
SMIM14,Yes,Yes,1.648,1.298,1.415,3.401,3.423,3.442,1.454,3.422,2.354,2.354,1.968,287,287,287.0
MXRA8,,Yes,1.587,1.866,2.123,0.969,1.047,0.339,1.859,0.785,-2.367,2.367,1.074,279,364,287.5
NTN1,Yes,Yes,1.403,1.577,1.543,0.529,0.594,0.782,1.508,0.635,-2.374,2.374,0.873,278,383,288.5
IRF8,Yes,Yes,197.004,144.784,197.038,388.404,394.416,417.520,179.609,400.113,2.228,2.228,220.504,325,6,293.1
PRPF3,Yes,Yes,42.572,34.738,42.496,18.173,19.889,15.476,39.935,17.846,-2.238,2.238,22.089,322,46,294.4
ITPK1,Yes,,3.200,2.775,4.145,6.676,10.270,6.063,3.373,7.670,2.274,2.274,4.296,307,182,294.5
SIRPB2,Yes,Yes,1.432,1.078,1.204,0.556,0.661,0.359,1.238,0.525,-2.357,2.357,0.713,284,406,296.2
GPR183,Yes,Yes,1.885,1.493,1.683,0.805,0.882,0.470,1.687,0.719,-2.346,2.346,0.968,288,373,296.5
TTLL11,Yes,,1.329,2.477,2.526,0.827,0.821,1.063,2.111,0.904,-2.336,2.336,1.207,291,350,296.9
H2BC9,Yes,Yes,3.593,3.700,3.779,1.564,1.945,1.316,3.691,1.608,-2.295,2.295,2.083,300,274,297.4
AC006254.1,Yes,Yes,1.413,1.653,1.448,0.699,0.580,0.645,1.505,0.642,-2.345,2.345,0.863,289,385,298.6
LIMA1,Yes,Yes,5.159,5.880,5.711,12.276,11.200,14.120,5.583,12.532,2.245,2.245,6.949,319,131,300.2
BTN3A2,,Yes,3.587,6.436,8.035,12.499,13.160,14.821,6.020,13.493,2.242,2.242,7.474,320,123,300.3
RUBCNL,Yes,Yes,37.559,37.022,35.692,81.057,77.059,84.729,36.758,80.948,2.202,2.202,44.191,331,31,301.0
MS4A3,Yes,Yes,26.503,26.147,20.169,11.301,9.296,12.114,24.273,10.903,-2.226,2.226,13.370,326,80,301.4
IFI35,Yes,Yes,114.599,112.157,99.645,46.707,49.988,52.037,108.800,49.577,-2.195,2.195,59.223,334,21,302.7
CCDC153,Yes,,1.031,0.940,1.817,0.615,0.374,0.640,1.263,0.543,-2.325,2.325,0.720,292,404,303.2
SMPDL3A,Yes,Yes,3.726,4.701,3.498,1.576,1.908,1.770,3.975,1.751,-2.270,2.270,2.224,308,264,303.6
RELCH,Yes,Yes,3.696,4.466,3.986,1.742,1.608,2.006,4.050,1.785,-2.268,2.268,2.264,309,260,304.1
ZMAT1,Yes,Yes,2.364,2.150,2.339,1.170,0.683,1.135,2.284,0.996,-2.294,2.294,1.288,301,336,304.5
AC004076.1,Yes,Yes,1.093,1.930,1.226,0.594,0.670,0.581,1.416,0.615,-2.303,2.303,0.801,296,391,305.5
CDA,Yes,Yes,2.213,2.259,1.481,4.925,4.804,3.743,1.984,4.491,2.263,2.263,2.506,312,249,305.7
HACD2,Yes,Yes,3.681,3.357,3.969,1.607,1.720,1.527,3.669,1.618,-2.267,2.267,2.051,310,280,307.0
C1QTNF6,Yes,Yes,0.471,0.762,0.512,1.210,1.259,1.547,0.581,1.339,2.302,2.302,0.757,297,397,307.0
CXCR4,Yes,Yes,17.967,16.430,16.593,7.869,8.944,6.354,16.997,7.722,-2.201,2.201,9.274,332,101,308.9
S1PR5,Yes,Yes,2.226,1.653,2.068,5.027,4.192,4.148,1.982,4.456,2.248,2.248,2.473,316,250,309.4
B3GNT7,Yes,Yes,2.604,3.137,2.961,6.180,6.058,7.266,2.901,6.501,2.241,2.241,3.601,321,206,309.5
CA2,Yes,Yes,1184.261,1195.743,1163.258,2513.371,2297.103,2837.554,1181.087,2549.343,2.158,2.158,1368.256,344,1,309.7
CCND1,Yes,Yes,2.590,1.991,2.230,5.314,4.791,5.190,2.271,5.098,2.245,2.245,2.828,318,236,309.8
APOBR,Yes,Yes,29.481,30.425,29.327,14.227,15.149,11.588,29.744,13.655,-2.178,2.178,16.089,338,61,310.3
EWSR1,,Yes,131.033,144.567,142.293,86.432,85.311,21.844,139.298,64.529,-2.159,2.159,74.768,343,17,310.4
STX1A,Yes,,1.429,1.052,1.954,4.329,3.142,2.539,1.479,3.337,2.257,2.257,1.858,313,295,311.2
GNG7,Yes,Yes,1.330,1.392,1.776,4.026,3.160,2.954,1.499,3.380,2.254,2.254,1.881,314,294,312.0
CDRT4,,Yes,0.711,0.771,0.764,2.577,1.268,1.271,0.748,1.705,2.278,2.278,0.957,305,375,312.0
PRSS36,Yes,Yes,7.968,8.003,8.246,4.159,2.918,3.849,8.072,3.642,-2.217,2.217,4.431,328,171,312.3
UTF1,Yes,Yes,1.113,1.655,1.073,0.559,0.524,0.598,1.280,0.560,-2.285,2.285,0.720,304,403,313.9
CHCHD6,Yes,Yes,3.334,3.288,2.737,6.857,6.202,7.701,3.120,6.920,2.218,2.218,3.800,327,200,314.3
HAL,Yes,Yes,3.008,3.965,2.843,9.058,6.327,6.370,3.272,7.252,2.216,2.216,3.980,329,196,315.7
PRNP,,Yes,9.042,9.032,9.210,5.543,6.004,0.853,9.095,4.134,-2.200,2.200,4.961,333,161,315.8
SIGLEC14,Yes,Yes,4.552,4.759,4.726,2.225,2.159,1.914,4.679,2.099,-2.229,2.229,2.580,324,242,315.8
PALM,Yes,Yes,1.017,1.060,1.108,2.521,2.298,2.356,1.062,2.392,2.253,2.253,1.330,315,328,316.3
FKBP4,Yes,Yes,10.740,11.262,10.319,22.726,23.277,23.393,10.773,23.132,2.147,2.147,12.359,345,85,319.0
HMOX1,Yes,Yes,3.560,3.670,3.724,2.071,1.219,1.615,3.652,1.635,-2.234,2.234,2.017,323,283,319.0
ESF1,Yes,Yes,3.622,4.058,3.408,8.005,7.538,8.754,3.696,8.099,2.191,2.191,4.403,336,172,319.6
TBCEL-TECTA,Yes,,1.377,1.278,0.972,0.504,0.554,0.544,1.209,0.534,-2.265,2.265,0.675,311,410,320.9
WARS1,Yes,Yes,168.587,184.292,169.385,82.867,83.420,78.746,174.088,81.678,-2.131,2.131,92.410,356,13,321.7
NAGK,Yes,Yes,19.446,16.812,17.134,7.589,9.762,7.549,17.797,8.300,-2.144,2.144,9.497,347,99,322.2
TNFSF13,Yes,Yes,6.917,7.680,9.294,3.943,4.206,2.838,7.964,3.662,-2.175,2.175,4.302,339,181,323.2
ADM2,Yes,Yes,16.324,16.376,16.493,8.191,7.642,7.137,16.398,7.657,-2.142,2.142,8.741,349,105,324.6
TUBA4A,Yes,Yes,5.047,7.743,6.783,14.531,13.358,14.036,6.524,13.975,2.142,2.142,7.451,348,124,325.6
HILPDA,Yes,Yes,6.034,8.302,7.704,17.427,17.025,12.736,7.347,15.729,2.141,2.141,8.383,350,109,325.9
YJEFN3,Yes,,8.914,8.791,14.087,6.273,4.664,3.877,10.597,4.938,-2.146,2.146,5.659,346,147,326.1
ARAP3,Yes,,0.471,0.527,0.607,0.945,1.481,1.177,0.535,1.201,2.245,2.245,0.666,317,412,326.5
TMEM263,Yes,,1.881,2.399,2.687,3.970,5.602,5.690,2.322,5.087,2.191,2.191,2.765,337,238,327.1
TAGAP,Yes,Yes,5.000,6.160,5.339,2.764,2.042,2.784,5.500,2.530,-2.174,2.174,2.970,340,233,329.3
IFITM3,Yes,Yes,254.791,280.509,241.957,123.739,119.975,124.528,259.085,122.747,-2.111,2.111,136.338,365,9,329.4
TNFSF13B,,Yes,2.421,2.698,2.235,1.360,0.576,1.386,2.451,1.108,-2.213,2.213,1.344,330,325,329.5
IFIH1,Yes,Yes,5.923,6.284,5.013,2.693,2.478,2.757,5.740,2.643,-2.172,2.172,3.097,341,226,329.5
LCAT,Yes,Yes,5.777,5.284,6.468,2.515,2.884,2.705,5.843,2.702,-2.163,2.163,3.141,342,221,329.9
DZANK1,Yes,Yes,11.199,12.695,11.827,28.205,25.387,22.509,11.907,25.367,2.130,2.130,13.460,358,78,330.0
NATD1,Yes,Yes,9.939,10.572,10.744,4.783,5.157,4.666,10.418,4.869,-2.140,2.140,5.550,352,148,331.6
FCGR1B,Yes,,38.406,29.556,33.627,20.478,15.689,11.891,33.863,16.020,-2.114,2.114,17.843,363,56,332.3
DDX39A,Yes,,82.417,80.774,136.303,46.890,60.000,35.423,99.831,47.438,-2.104,2.104,52.393,367,25,332.8
SASH3,Yes,Yes,12.409,11.064,10.238,5.438,5.702,4.682,11.237,5.274,-2.131,2.131,5.963,357,139,335.2
LY6E,Yes,Yes,157.185,170.651,154.322,74.048,79.868,76.393,160.719,76.770,-2.094,2.094,83.950,371,14,335.3
NPIPA5,Yes,Yes,18.618,18.612,17.389,7.662,9.678,8.473,18.206,8.604,-2.116,2.116,9.602,362,97,335.5
H1-0,Yes,Yes,100.832,99.086,102.570,51.056,49.443,44.070,100.829,48.190,-2.092,2.092,52.640,373,24,338.1
ALS2CL,Yes,,2.372,2.807,3.033,5.737,7.442,4.374,2.737,5.851,2.137,2.137,3.114,354,224,341.0
LEAP2,Yes,,1.169,1.148,0.852,0.480,0.511,0.454,1.056,0.482,-2.192,2.192,0.574,335,417,343.2
RCN3,,Yes,8.093,7.552,8.208,4.998,3.767,2.484,7.951,3.750,-2.120,2.120,4.201,361,184,343.3
BRPF3,Yes,Yes,10.047,10.026,7.048,4.381,4.171,4.290,9.041,4.280,-2.112,2.112,4.760,364,165,344.1
PRDX3,Yes,Yes,57.606,55.210,49.989,111.763,105.036,121.583,54.269,112.794,2.078,2.078,58.525,381,22,345.1
UNC93B1,Yes,Yes,87.040,100.407,95.796,47.044,45.164,44.205,94.414,45.471,-2.076,2.076,48.943,382,26,346.4
NCF2,Yes,Yes,10.335,10.147,8.745,5.079,4.848,3.961,9.742,4.629,-2.104,2.104,5.113,368,156,346.8
PLXND1,Yes,Yes,6.838,6.609,9.195,16.074,14.725,16.496,7.547,15.765,2.089,2.089,8.218,374,111,347.7
ADCY7,Yes,Yes,20.205,20.415,22.465,6.349,12.052,11.904,21.028,10.101,-2.082,2.082,10.927,378,88,349.0
MT-ND6,Yes,Yes,532.343,519.649,513.233,289.855,281.508,186.011,521.741,252.458,-2.067,2.067,269.283,389,4,350.5
NAIP,Yes,Yes,2.908,2.904,2.767,1.312,1.410,1.298,2.860,1.340,-2.134,2.134,1.520,355,311,350.6
CD300LF,Yes,Yes,17.382,17.175,20.546,8.112,10.154,8.303,18.367,8.856,-2.074,2.074,9.511,384,98,355.4
ADAMTS1,Yes,Yes,1.249,1.320,1.833,0.668,0.657,0.731,1.467,0.686,-2.140,2.140,0.782,351,395,355.4
SDHAF4,Yes,Yes,16.553,15.834,16.618,30.525,33.592,37.073,16.335,33.730,2.065,2.065,17.395,390,58,356.8
USP45,Yes,Yes,0.765,0.547,0.764,1.288,1.298,1.853,0.692,1.480,2.138,2.138,0.788,353,394,357.1
PRKAR2B,Yes,Yes,5.472,4.450,4.488,2.365,2.390,2.128,4.803,2.294,-2.094,2.094,2.509,370,248,357.8
USP41,Yes,Yes,2.596,2.320,2.236,0.910,0.991,1.472,2.384,1.124,-2.121,2.121,1.260,360,341,358.1
EXOSC7,Yes,Yes,19.393,17.857,26.125,40.639,45.909,43.776,21.125,43.441,2.056,2.056,22.316,394,44,359.0
PVRIG,Yes,Yes,3.309,4.155,4.443,2.071,1.627,1.989,3.969,1.896,-2.094,2.094,2.074,369,276,359.7
ELOC,,Yes,52.027,25.836,53.658,90.658,87.270,91.296,43.840,89.741,2.047,2.047,45.901,398,30,361.2
EXD3,Yes,,9.662,7.371,6.903,18.412,16.904,14.069,7.979,16.461,2.063,2.063,8.483,391,107,362.6
SLC7A11,Yes,Yes,1.489,1.310,1.480,0.745,0.598,0.673,1.426,0.672,-2.122,2.122,0.754,359,398,362.9
ACYP2,Yes,,4.280,3.258,5.094,2.011,1.747,2.293,4.211,2.017,-2.088,2.088,2.194,375,265,364.0
ZNF821,Yes,,4.812,6.800,4.858,3.359,2.461,2.094,5.490,2.638,-2.081,2.081,2.852,379,235,364.6
PTGER4,Yes,Yes,26.767,31.883,34.790,15.814,17.228,12.791,31.146,15.278,-2.039,2.039,15.868,400,62,366.2
SLC26A1,Yes,,1.469,1.761,2.295,0.907,1.005,0.709,1.842,0.874,-2.108,2.108,0.968,366,372,366.6
COG3,Yes,Yes,2.515,3.745,3.035,6.232,5.774,7.243,3.098,6.416,2.071,2.071,3.318,385,213,367.8
IKBKE,Yes,Yes,12.657,14.462,13.900,7.132,8.057,4.783,13.673,6.657,-2.054,2.054,7.016,395,129,368.4
JCAD,Yes,Yes,1.296,1.465,1.338,2.821,2.777,2.940,1.366,2.846,2.083,2.083,1.480,377,315,370.8
CENPK,Yes,Yes,7.823,8.148,8.999,4.184,4.410,3.524,8.324,4.039,-2.061,2.061,4.284,392,183,371.1
ZNF653,Yes,Yes,2.013,2.543,3.039,1.279,1.129,1.237,2.532,1.215,-2.084,2.084,1.317,376,332,371.6
ICE1,Yes,Yes,3.617,3.565,2.919,1.633,1.504,1.718,3.367,1.618,-2.081,2.081,1.749,380,302,372.2
LGALS3BP,Yes,Yes,11.716,14.463,12.620,6.021,6.421,6.604,12.933,6.349,-2.037,2.037,6.584,401,134,374.3
CRELD1,Yes,Yes,8.953,11.831,10.151,20.434,22.055,19.853,10.312,20.781,2.015,2.015,10.469,407,89,375.2
CD244,Yes,,6.217,5.027,7.619,2.257,3.924,2.991,6.288,3.057,-2.057,2.057,3.230,393,217,375.4
PKD2,Yes,,3.170,3.746,4.603,2.206,1.674,1.685,3.840,1.855,-2.070,2.070,1.985,386,286,376.0
TBC1D3B,Yes,,0.798,1.431,1.116,0.639,0.507,0.451,1.115,0.533,-2.093,2.093,0.583,372,416,376.4
DERL3,Yes,Yes,2.306,2.666,2.671,1.139,1.067,1.477,2.548,1.228,-2.075,2.075,1.320,383,330,377.7
LDHD,Yes,Yes,6.420,7.176,7.105,14.016,14.006,13.742,6.900,13.921,2.017,2.017,7.021,406,128,378.2
IL3RA,Yes,Yes,16.020,19.368,18.487,8.891,9.550,8.334,17.958,8.925,-2.012,2.012,9.033,409,103,378.4
SLCO4A1,Yes,Yes,4.658,4.027,5.095,9.552,10.160,8.191,4.593,9.301,2.025,2.025,4.708,403,167,379.4
CD83,Yes,Yes,4.144,4.804,4.504,1.418,2.746,2.391,4.484,2.185,-2.052,2.052,2.299,396,257,382.1
AFF3,Yes,,1.586,2.043,2.853,1.264,0.944,0.924,2.161,1.044,-2.070,2.070,1.117,387,361,384.4
ABTB2,Yes,Yes,2.290,2.090,2.093,1.083,1.077,0.969,2.158,1.043,-2.069,2.069,1.115,388,362,385.4
PDLIM4,Yes,Yes,5.908,8.063,8.923,15.371,15.367,15.080,7.631,15.273,2.001,2.001,7.641,417,121,387.4
CYB5D1,Yes,,6.074,3.581,5.428,2.678,3.153,1.640,5.028,2.490,-2.019,2.019,2.537,405,245,389.0
EIF2AK2,Yes,Yes,5.120,4.340,4.664,2.261,2.231,2.503,4.708,2.332,-2.019,2.019,2.376,404,254,389.0
NCS1,Yes,Yes,4.391,3.505,4.012,7.116,8.352,8.443,3.969,7.970,2.008,2.008,4.001,413,194,391.1
CHRNE,Yes,,1.022,1.293,1.432,0.647,0.706,0.477,1.249,0.610,-2.047,2.047,0.639,397,413,398.6
MEX3A,Yes,Yes,0.631,0.691,0.687,1.401,1.214,1.490,0.670,1.368,2.043,2.043,0.699,399,409,400.0
ZNF121,Yes,Yes,2.178,2.068,2.473,5.009,4.106,4.350,2.240,4.488,2.004,2.004,2.249,416,262,400.6
SETD9,Yes,,2.555,3.088,4.796,2.288,1.637,1.266,3.480,1.731,-2.011,2.011,1.749,412,301,400.9
NAPB,Yes,Yes,1.279,1.330,1.024,2.165,2.504,2.646,1.211,2.439,2.014,2.014,1.228,408,346,401.8
GABARAPL1,Yes,,0.995,1.032,1.898,2.675,2.991,2.231,1.308,2.632,2.012,2.012,1.324,410,329,401.9
ZC3H6,Yes,Yes,0.763,0.618,0.680,1.306,1.561,1.318,0.687,1.395,2.031,2.031,0.708,402,407,402.5
TBX6,Yes,Yes,1.042,0.754,1.102,2.257,1.783,1.790,0.966,1.944,2.011,2.011,0.977,411,371,407.0
FMNL3,Yes,,2.223,1.289,1.787,0.755,0.954,0.934,1.766,0.881,-2.004,2.004,0.885,415,381,411.6
ADAMTS4,Yes,Yes,1.420,1.549,1.243,0.671,0.816,0.613,1.404,0.700,-2.005,2.005,0.704,414,408,413.4
